time,AOD,state 
01-01-2023,0.481813655,Karnataka
02-01-2023,0.536774272,Karnataka
03-01-2023,0.579130294,Karnataka
04-01-2023,0.797736896,Karnataka
05-01-2023,0.673281545,Karnataka
06-01-2023,0.751925591,Karnataka
07-01-2023,1.05496389,Karnataka
08-01-2023,0.484154492,Karnataka
09-01-2023,0.336718911,Karnataka
10-01-2023,0.21139243,Karnataka
11-01-2023,0.252005165,Karnataka
12-01-2023,0.245747081,Karnataka
13-01-2023,0.352378027,Karnataka
14-01-2023,0.314467504,Karnataka
15-01-2023,0.277376059,Karnataka
16-01-2023,0.301582624,Karnataka
17-01-2023,0.220756366,Karnataka
18-01-2023,0.228776052,Karnataka
19-01-2023,0.254545604,Karnataka
20-01-2023,0.349533668,Karnataka
21-01-2023,0.569893612,Karnataka
22-01-2023,0.370046269,Karnataka
23-01-2023,0.441413296,Karnataka
24-01-2023,0.447098228,Karnataka
25-01-2023,0.354338819,Karnataka
26-01-2023,0.444871069,Karnataka
27-01-2023,0.239782113,Karnataka
28-01-2023,0.259333173,Karnataka
29-01-2023,0.277134306,Karnataka
30-01-2023,0.573226309,Karnataka
31-01-2023,0.787793069,Karnataka
01-02-2023,0.948914372,Karnataka
02-02-2023,0.651920652,Karnataka
03-02-2023,0.337703996,Karnataka
04-02-2023,0.341016627,Karnataka
05-02-2023,0.291234022,Karnataka
06-02-2023,0.401895301,Karnataka
07-02-2023,0.576634689,Karnataka
08-02-2023,0.553406605,Karnataka
09-02-2023,0.443841602,Karnataka
10-02-2023,0.344675218,Karnataka
11-02-2023,0.210315559,Karnataka
12-02-2023,0.214071827,Karnataka
13-02-2023,0.15390489,Karnataka
14-02-2023,0.189564803,Karnataka
15-02-2023,0.147672459,Karnataka
16-02-2023,0.186899516,Karnataka
17-02-2023,0.190261533,Karnataka
18-02-2023,0.261358102,Karnataka
19-02-2023,0.334101871,Karnataka
20-02-2023,0.294903873,Karnataka
21-02-2023,0.286333605,Karnataka
22-02-2023,0.316472651,Karnataka
23-02-2023,0.369006566,Karnataka
24-02-2023,0.225269717,Karnataka
25-02-2023,0.277118368,Karnataka
26-02-2023,0.315905472,Karnataka
27-02-2023,0.35151102,Karnataka
28-02-2023,0.465516315,Karnataka
01-03-2023,0.348956561,Karnataka
02-03-2023,0.456024944,Karnataka
03-03-2023,0.381115292,Karnataka
04-03-2023,0.58503215,Karnataka
05-03-2023,0.359774161,Karnataka
06-03-2023,0.449817917,Karnataka
07-03-2023,0.758169499,Karnataka
08-03-2023,0.335358491,Karnataka
09-03-2023,0.646853202,Karnataka
10-03-2023,0.462799788,Karnataka
11-03-2023,0.568364201,Karnataka
12-03-2023,0.472646966,Karnataka
13-03-2023,0.372070501,Karnataka
14-03-2023,0.699805158,Karnataka
15-03-2023,0.619099382,Karnataka
16-03-2023,1.03600917,Karnataka
17-03-2023,0.568964062,Karnataka
18-03-2023,0.612376973,Karnataka
19-03-2023,0.324027237,Karnataka
20-03-2023,0.155958768,Karnataka
21-03-2023,0.11166818,Karnataka
22-03-2023,0.204036091,Karnataka
23-03-2023,0.186410182,Karnataka
24-03-2023,0.271275728,Karnataka
25-03-2023,0.396062639,Karnataka
26-03-2023,0.289385779,Karnataka
27-03-2023,0.227656369,Karnataka
28-03-2023,0.166124282,Karnataka
29-03-2023,0.315556909,Karnataka
30-03-2023,0.364391695,Karnataka
31-03-2023,0.216594167,Karnataka
01-04-2023,0.242791325,Karnataka
02-04-2023,0.15284935,Karnataka
03-04-2023,0.236000284,Karnataka
04-04-2023,0.256281599,Karnataka
05-04-2023,0.373637215,Karnataka
06-04-2023,0.496539532,Karnataka
07-04-2023,0.827525184,Karnataka
08-04-2023,0.426476372,Karnataka
09-04-2023,0.2698302,Karnataka
10-04-2023,0.23584141,Karnataka
11-04-2023,0.2041187,Karnataka
12-04-2023,0.327772724,Karnataka
13-04-2023,0.429953064,Karnataka
14-04-2023,0.72607392,Karnataka
15-04-2023,0.542490685,Karnataka
16-04-2023,0.414708639,Karnataka
17-04-2023,0.469759386,Karnataka
18-04-2023,0.337444368,Karnataka
19-04-2023,0.699045294,Karnataka
20-04-2023,0.496590766,Karnataka
21-04-2023,0.658194235,Karnataka
22-04-2023,0.433698471,Karnataka
23-04-2023,0.279583598,Karnataka
24-04-2023,0.270936901,Karnataka
25-04-2023,0.354147122,Karnataka
26-04-2023,0.424961338,Karnataka
27-04-2023,0.462446487,Karnataka
28-04-2023,0.671990605,Karnataka
29-04-2023,0.860195752,Karnataka
30-04-2023,0.249957234,Karnataka
01-05-2023,0.104572782,Karnataka
02-05-2023,0.286195839,Karnataka
03-05-2023,0.197816956,Karnataka
04-05-2023,0.330991401,Karnataka
05-05-2023,0.278175021,Karnataka
06-05-2023,0.334794654,Karnataka
07-05-2023,0.4692608,Karnataka
08-05-2023,0.633639803,Karnataka
09-05-2023,0.403487866,Karnataka
10-05-2023,0.500769023,Karnataka
11-05-2023,0.774412282,Karnataka
12-05-2023,0.651603332,Karnataka
13-05-2023,0.45401756,Karnataka
14-05-2023,0.348182783,Karnataka
15-05-2023,0.231873158,Karnataka
16-05-2023,0.259962865,Karnataka
17-05-2023,0.223282314,Karnataka
18-05-2023,0.38097408,Karnataka
19-05-2023,0.405023566,Karnataka
20-05-2023,0.460687903,Karnataka
21-05-2023,0.528188636,Karnataka
22-05-2023,0.487000772,Karnataka
23-05-2023,0.536462913,Karnataka
24-05-2023,0.467118386,Karnataka
25-05-2023,0.47965187,Karnataka
26-05-2023,0.295502712,Karnataka
27-05-2023,0.223947048,Karnataka
28-05-2023,0.33908424,Karnataka
29-05-2023,0.4393949,Karnataka
30-05-2023,0.581206929,Karnataka
31-05-2023,0.501170986,Karnataka
01-06-2023,0.548103707,Karnataka
02-06-2023,0.558384045,Karnataka
03-06-2023,0.423333361,Karnataka
04-06-2023,0.64570088,Karnataka
05-06-2023,0.380561093,Karnataka
06-06-2023,0.352007798,Karnataka
07-06-2023,0.4535641,Karnataka
08-06-2023,0.274930913,Karnataka
09-06-2023,0.249513529,Karnataka
10-06-2023,0.255636639,Karnataka
11-06-2023,0.159260636,Karnataka
12-06-2023,0.227480377,Karnataka
13-06-2023,0.178571343,Karnataka
14-06-2023,0.306842871,Karnataka
15-06-2023,0.204488031,Karnataka
16-06-2023,0.194885683,Karnataka
17-06-2023,0.502414819,Karnataka
18-06-2023,0.423726918,Karnataka
19-06-2023,0.569846774,Karnataka
20-06-2023,0.431930838,Karnataka
21-06-2023,0.708271451,Karnataka
22-06-2023,0.561996545,Karnataka
23-06-2023,-9999,Karnataka
24-06-2023,-9999,Karnataka
25-06-2023,-9999,Karnataka
26-06-2023,-9999,Karnataka
27-06-2023,0.30251883,Karnataka
28-06-2023,0.171000008,Karnataka
29-06-2023,0.077177397,Karnataka
30-06-2023,0.523561231,Karnataka
01-07-2023,0.225044973,Karnataka
02-07-2023,0.262997344,Karnataka
03-07-2023,0.184043692,Karnataka
04-07-2023,0.22451753,Karnataka
05-07-2023,-9999,Karnataka
06-07-2023,-9999,Karnataka
07-07-2023,-9999,Karnataka
08-07-2023,-9999,Karnataka
09-07-2023,0.241912761,Karnataka
10-07-2023,0.483688586,Karnataka
11-07-2023,-9999,Karnataka
12-07-2023,-9999,Karnataka
13-07-2023,0.330193592,Karnataka
14-07-2023,0.21650001,Karnataka
15-07-2023,0.310742607,Karnataka
16-07-2023,-9999,Karnataka
17-07-2023,0.555000026,Karnataka
18-07-2023,0.509606551,Karnataka
19-07-2023,-9999,Karnataka
20-07-2023,0.651846118,Karnataka
21-07-2023,0.478000023,Karnataka
22-07-2023,-9999,Karnataka
23-07-2023,-9999,Karnataka
24-07-2023,-9999,Karnataka
25-07-2023,-9999,Karnataka
26-07-2023,-9999,Karnataka
27-07-2023,0.411669982,Karnataka
28-07-2023,0.213291103,Karnataka
29-07-2023,0.425182388,Karnataka
30-07-2023,0.336266387,Karnataka
31-07-2023,-9999,Karnataka
01-08-2023,0.330391836,Karnataka
02-08-2023,0.21200001,Karnataka
03-08-2023,0.279000013,Karnataka
04-08-2023,0.449197022,Karnataka
05-08-2023,0.510264561,Karnataka
06-08-2023,0.422681933,Karnataka
07-08-2023,0.32292182,Karnataka
08-08-2023,-9999,Karnataka
09-08-2023,0.255792556,Karnataka
10-08-2023,0.703841767,Karnataka
11-08-2023,0.56060162,Karnataka
12-08-2023,-9999,Karnataka
13-08-2023,0.5765005,Karnataka
14-08-2023,0.508516069,Karnataka
15-08-2023,0.431897256,Karnataka
16-08-2023,0.359751365,Karnataka
17-08-2023,-9999,Karnataka
18-08-2023,0.492848838,Karnataka
19-08-2023,0.254000012,Karnataka
20-08-2023,0.377626208,Karnataka
21-08-2023,0.349226594,Karnataka
22-08-2023,0.245767715,Karnataka
23-08-2023,0.385660811,Karnataka
24-08-2023,-9999,Karnataka
25-08-2023,0.27642254,Karnataka
26-08-2023,0.249639613,Karnataka
27-08-2023,0.173194832,Karnataka
28-08-2023,0.161354462,Karnataka
29-08-2023,0.029000001,Karnataka
30-08-2023,0.422222489,Karnataka
31-08-2023,0.396914571,Karnataka
01-09-2023,0.47447919,Karnataka
02-09-2023,0.637780132,Karnataka
03-09-2023,-9999,Karnataka
04-09-2023,0.553697635,Karnataka
05-09-2023,0.482906965,Karnataka
06-09-2023,0.581911111,Karnataka
07-09-2023,0.237849063,Karnataka
08-09-2023,0.164000008,Karnataka
09-09-2023,0.215911852,Karnataka
10-09-2023,0.316000015,Karnataka
11-09-2023,0.387893196,Karnataka
12-09-2023,0.202118095,Karnataka
13-09-2023,0.30543802,Karnataka
14-09-2023,0.336120533,Karnataka
15-09-2023,0.240043437,Karnataka
16-09-2023,0.238680712,Karnataka
17-09-2023,0.144802783,Karnataka
18-09-2023,0.263660915,Karnataka
19-09-2023,0.148986026,Karnataka
20-09-2023,0.263000012,Karnataka
21-09-2023,0.340176542,Karnataka
22-09-2023,-9999,Karnataka
23-09-2023,0.41072032,Karnataka
24-09-2023,0.182417463,Karnataka
25-09-2023,-9999,Karnataka
26-09-2023,0.411617836,Karnataka
27-09-2023,0.250695759,Karnataka
28-09-2023,0.292704546,Karnataka
29-09-2023,0.117348542,Karnataka
30-09-2023,0.285369224,Karnataka
01-10-2023,0.355396121,Karnataka
02-10-2023,0.251442904,Karnataka
03-10-2023,0.56059085,Karnataka
04-10-2023,0.533317472,Karnataka
05-10-2023,0.446459156,Karnataka
06-10-2023,0.383852239,Karnataka
07-10-2023,0.440489683,Karnataka
08-10-2023,0.528238808,Karnataka
09-10-2023,0.622565095,Karnataka
10-10-2023,0.703782579,Karnataka
11-10-2023,0.934095609,Karnataka
12-10-2023,0.756072415,Karnataka
13-10-2023,0.507806063,Karnataka
14-10-2023,0.617201594,Karnataka
15-10-2023,0.728732107,Karnataka
16-10-2023,0.977466208,Karnataka
17-10-2023,0.765996315,Karnataka
18-10-2023,0.756378338,Karnataka
19-10-2023,0.725960484,Karnataka
20-10-2023,0.778089751,Karnataka
21-10-2023,1.14229785,Karnataka
22-10-2023,0.7678437,Karnataka
23-10-2023,0.560439174,Karnataka
24-10-2023,0.468933199,Karnataka
25-10-2023,0.425185365,Karnataka
26-10-2023,0.522594242,Karnataka
27-10-2023,0.452177224,Karnataka
28-10-2023,0.704420865,Karnataka
29-10-2023,0.636930739,Karnataka
30-10-2023,0.930558484,Karnataka
31-10-2023,1.30958738,Karnataka
01-11-2023,0.854299306,Karnataka
02-11-2023,1.14969667,Karnataka
03-11-2023,0.828935551,Karnataka
04-11-2023,1.39601489,Karnataka
05-11-2023,1.32051295,Karnataka
06-11-2023,0.509239734,Karnataka
07-11-2023,0.198084917,Karnataka
08-11-2023,0.454466017,Karnataka
09-11-2023,0.567892301,Karnataka
10-11-2023,0.51124213,Karnataka
11-11-2023,0.40314929,Karnataka
12-11-2023,0.69909698,Karnataka
13-11-2023,0.638985597,Karnataka
14-11-2023,0.802563647,Karnataka
15-11-2023,0.802595843,Karnataka
16-11-2023,0.984024259,Karnataka
17-11-2023,0.820033171,Karnataka
18-11-2023,0.719960731,Karnataka
19-11-2023,1.02775289,Karnataka
20-11-2023,0.43715836,Karnataka
21-11-2023,0.465564437,Karnataka
22-11-2023,0.483727137,Karnataka
23-11-2023,0.721274962,Karnataka
24-11-2023,-9999,Karnataka
25-11-2023,0.430826817,Karnataka
26-11-2023,0.506167168,Karnataka
27-11-2023,0.517326909,Karnataka
28-11-2023,0.301637517,Karnataka
29-11-2023,0.340129045,Karnataka
30-11-2023,0.206773077,Karnataka
01-12-2023,0.30483252,Karnataka
02-12-2023,0.331472537,Karnataka
03-12-2023,0.29279575,Karnataka
04-12-2023,-9999,Karnataka
05-12-2023,0.373901308,Karnataka
06-12-2023,0.358021517,Karnataka
07-12-2023,0.538203386,Karnataka
08-12-2023,0.535414076,Karnataka
09-12-2023,0.558588592,Karnataka
10-12-2023,0.486306569,Karnataka
11-12-2023,0.563740104,Karnataka
12-12-2023,0.547853816,Karnataka
13-12-2023,0.655939224,Karnataka
14-12-2023,0.532228467,Karnataka
15-12-2023,0.592582541,Karnataka
16-12-2023,1.4761106,Karnataka
17-12-2023,0.739794971,Karnataka
18-12-2023,0.881866178,Karnataka
19-12-2023,0.599256024,Karnataka
20-12-2023,0.758784147,Karnataka
21-12-2023,0.549314413,Karnataka
22-12-2023,0.560678137,Karnataka
23-12-2023,0.599985473,Karnataka
24-12-2023,0.432419382,Karnataka
25-12-2023,0.444654102,Karnataka
26-12-2023,0.345175749,Karnataka
27-12-2023,0.311821055,Karnataka
28-12-2023,0.387505576,Karnataka
29-12-2023,0.276857605,Karnataka
30-12-2023,0.233856603,Karnataka
31-12-2023,0.339086758,Karnataka
01-01-2024,0.521539557,Karnataka
02-01-2024,0.772800054,Karnataka
03-01-2024,0.904379153,Karnataka
04-01-2024,1.49750298,Karnataka
05-01-2024,0.776974707,Karnataka
06-01-2024,0.645788179,Karnataka
07-01-2024,0.497828146,Karnataka
08-01-2024,0.520203699,Karnataka
09-01-2024,0.625657552,Karnataka
10-01-2024,0.312675313,Karnataka
11-01-2024,0.257686145,Karnataka
12-01-2024,0.333752387,Karnataka
13-01-2024,0.637607312,Karnataka
14-01-2024,0.685287685,Karnataka
15-01-2024,0.573627146,Karnataka
16-01-2024,0.705867745,Karnataka
17-01-2024,0.655346342,Karnataka
18-01-2024,0.796058056,Karnataka
19-01-2024,0.585264959,Karnataka
20-01-2024,0.703845998,Karnataka
21-01-2024,0.895671952,Karnataka
22-01-2024,0.49366873,Karnataka
23-01-2024,0.464482042,Karnataka
24-01-2024,0.535476347,Karnataka
25-01-2024,0.599322431,Karnataka
26-01-2024,0.975309399,Karnataka
27-01-2024,0.478582607,Karnataka
28-01-2024,0.671227365,Karnataka
29-01-2024,0.46091262,Karnataka
30-01-2024,0.480613265,Karnataka
31-01-2024,0.472120893,Karnataka
01-02-2024,0.281887191,Karnataka
02-02-2024,0.568108513,Karnataka
03-02-2024,0.53017396,Karnataka
04-02-2024,0.604663207,Karnataka
05-02-2024,0.415113167,Karnataka
06-02-2024,0.294644509,Karnataka
07-02-2024,0.284354553,Karnataka
08-02-2024,0.39477921,Karnataka
09-02-2024,0.34214784,Karnataka
10-02-2024,0.454298281,Karnataka
11-02-2024,0.388304733,Karnataka
12-02-2024,0.330624689,Karnataka
13-02-2024,0.245764328,Karnataka
14-02-2024,0.303355959,Karnataka
15-02-2024,0.255279269,Karnataka
16-02-2024,0.116405172,Karnataka
17-02-2024,0.207236898,Karnataka
18-02-2024,0.211009588,Karnataka
19-02-2024,0.286278052,Karnataka
20-02-2024,0.356359593,Karnataka
21-02-2024,0.242386041,Karnataka
22-02-2024,0.281308062,Karnataka
23-02-2024,0.222998019,Karnataka
24-02-2024,0.492781624,Karnataka
25-02-2024,0.686976765,Karnataka
26-02-2024,0.569430652,Karnataka
27-02-2024,0.307081171,Karnataka
28-02-2024,0.293508514,Karnataka
29-02-2024,0.355801172,Karnataka
01-03-2024,0.297342136,Karnataka
02-03-2024,0.38421342,Karnataka
03-03-2024,0.344465903,Karnataka
04-03-2024,0.468116597,Karnataka
05-03-2024,0.366476869,Karnataka
06-03-2024,0.492944242,Karnataka
07-03-2024,0.396307804,Karnataka
08-03-2024,0.346273037,Karnataka
09-03-2024,0.397559707,Karnataka
10-03-2024,0.638647309,Karnataka
11-03-2024,0.913836389,Karnataka
12-03-2024,0.706617479,Karnataka
13-03-2024,0.727577067,Karnataka
14-03-2024,0.607836128,Karnataka
15-03-2024,0.635306612,Karnataka
16-03-2024,0.890113812,Karnataka
17-03-2024,0.604008289,Karnataka
18-03-2024,0.694206524,Karnataka
19-03-2024,0.714945905,Karnataka
20-03-2024,0.456477171,Karnataka
21-03-2024,0.557325841,Karnataka
22-03-2024,0.553898422,Karnataka
23-03-2024,0.584048773,Karnataka
24-03-2024,0.588766272,Karnataka
25-03-2024,0.663608445,Karnataka
26-03-2024,0.733541901,Karnataka
27-03-2024,0.485089998,Karnataka
28-03-2024,0.608109549,Karnataka
29-03-2024,0.535390589,Karnataka
30-03-2024,0.611742799,Karnataka
31-03-2024,0.535554314,Karnataka
01-04-2024,0.402054844,Karnataka
02-04-2024,0.47379103,Karnataka
03-04-2024,0.580682312,Karnataka
04-04-2024,0.4904896,Karnataka
05-04-2024,0.455838648,Karnataka
06-04-2024,0.472828721,Karnataka
07-04-2024,0.629705572,Karnataka
08-04-2024,0.412519554,Karnataka
09-04-2024,0.478835755,Karnataka
10-04-2024,0.49297622,Karnataka
11-04-2024,0.547316626,Karnataka
12-04-2024,0.741221455,Karnataka
13-04-2024,0.450113087,Karnataka
14-04-2024,0.402392257,Karnataka
15-04-2024,-9999,Karnataka
16-04-2024,0.405673938,Karnataka
17-04-2024,0.790723493,Karnataka
18-04-2024,0.748302194,Karnataka
19-04-2024,1.28333988,Karnataka
20-04-2024,-9999,Karnataka
21-04-2024,0.74468115,Karnataka
22-04-2024,0.50916784,Karnataka
23-04-2024,0.366793356,Karnataka
24-04-2024,0.466066182,Karnataka
25-04-2024,0.351265731,Karnataka
26-04-2024,0.370938636,Karnataka
27-04-2024,0.332353723,Karnataka
28-04-2024,0.406632193,Karnataka
29-04-2024,0.547862838,Karnataka
30-04-2024,0.388923732,Karnataka
01-05-2024,0.499930036,Karnataka
02-05-2024,0.420674779,Karnataka
03-05-2024,0.233488406,Karnataka
04-05-2024,0.371246502,Karnataka
05-05-2024,0.341947184,Karnataka
06-05-2024,0.282555134,Karnataka
07-05-2024,0.56481006,Karnataka
08-05-2024,0.456563783,Karnataka
09-05-2024,0.533088525,Karnataka
10-05-2024,0.580658481,Karnataka
11-05-2024,0.567400428,Karnataka
12-05-2024,-9999,Karnataka
13-05-2024,0.566777164,Karnataka
14-05-2024,0.569767661,Karnataka
15-05-2024,0.480961296,Karnataka
16-05-2024,0.759005568,Karnataka
17-05-2024,0.581636558,Karnataka
18-05-2024,0.50110595,Karnataka
19-05-2024,0.467956111,Karnataka
20-05-2024,0.533181706,Karnataka
21-05-2024,0.358066814,Karnataka
22-05-2024,0.51018323,Karnataka
23-05-2024,0.747507888,Karnataka
24-05-2024,0.800498783,Karnataka
25-05-2024,0.990387004,Karnataka
26-05-2024,0.885240284,Karnataka
27-05-2024,1.12367518,Karnataka
28-05-2024,0.392589029,Karnataka
29-05-2024,0.437407124,Karnataka
30-05-2024,0.348119382,Karnataka
31-05-2024,0.491804102,Karnataka
01-06-2024,0.597415962,Karnataka
02-06-2024,0.53172003,Karnataka
03-06-2024,0.946063502,Karnataka
04-06-2024,0.450859466,Karnataka
05-06-2024,0.407122336,Karnataka
06-06-2024,0.592168534,Karnataka
07-06-2024,0.823940493,Karnataka
08-06-2024,0.496366764,Karnataka
09-06-2024,0.731500035,Karnataka
10-06-2024,0.297273833,Karnataka
11-06-2024,0.267457301,Karnataka
12-06-2024,0.905920177,Karnataka
13-06-2024,0.588449898,Karnataka
14-06-2024,0.523774862,Karnataka
15-06-2024,0.269382504,Karnataka
16-06-2024,0.159999632,Karnataka
17-06-2024,0.263839562,Karnataka
18-06-2024,0.347366583,Karnataka
19-06-2024,0.4460297,Karnataka
20-06-2024,0.446134993,Karnataka
21-06-2024,0.200007429,Karnataka
22-06-2024,0.440943651,Karnataka
23-06-2024,0.209272267,Karnataka
24-06-2024,0.11363019,Karnataka
25-06-2024,0.174752523,Karnataka
26-06-2024,-9999,Karnataka
27-06-2024,-9999,Karnataka
28-06-2024,0.174578844,Karnataka
29-06-2024,0.239500011,Karnataka
30-06-2024,-9999,Karnataka
01-07-2024,-9999,Karnataka
02-07-2024,0.67459698,Karnataka
03-07-2024,0.432000021,Karnataka
04-07-2024,-9999,Karnataka
05-07-2024,0.332553322,Karnataka
06-07-2024,-9999,Karnataka
07-07-2024,0.471900894,Karnataka
08-07-2024,-9999,Karnataka
09-07-2024,-9999,Karnataka
10-07-2024,0.207086216,Karnataka
11-07-2024,0.103075969,Karnataka
12-07-2024,0.205980238,Karnataka
13-07-2024,-9999,Karnataka
14-07-2024,-9999,Karnataka
15-07-2024,-9999,Karnataka
16-07-2024,-9999,Karnataka
17-07-2024,-9999,Karnataka
18-07-2024,-9999,Karnataka
19-07-2024,-9999,Karnataka
20-07-2024,-9999,Karnataka
21-07-2024,-9999,Karnataka
22-07-2024,-9999,Karnataka
23-07-2024,-9999,Karnataka
24-07-2024,0.425995387,Karnataka
25-07-2024,-9999,Karnataka
26-07-2024,-9999,Karnataka
27-07-2024,1.29100006,Karnataka
28-07-2024,0.83500004,Karnataka
29-07-2024,0.503502317,Karnataka
30-07-2024,-9999,Karnataka
31-07-2024,0.398678609,Karnataka
01-08-2024,0.410000019,Karnataka
02-08-2024,-9999,Karnataka
03-08-2024,-9999,Karnataka
04-08-2024,-9999,Karnataka
05-08-2024,0.640789365,Karnataka
06-08-2024,0.136000006,Karnataka
07-08-2024,-9999,Karnataka
08-08-2024,0.580534694,Karnataka
09-08-2024,0.527000025,Karnataka
10-08-2024,0.469173531,Karnataka
11-08-2024,0.384499669,Karnataka
12-08-2024,0.419993939,Karnataka
13-08-2024,0.404449062,Karnataka
14-08-2024,0.466000022,Karnataka
15-08-2024,0.421686165,Karnataka
16-08-2024,0.811853062,Karnataka
17-08-2024,0.577054033,Karnataka
18-08-2024,0.361961523,Karnataka
19-08-2024,-9999,Karnataka
20-08-2024,0.230781012,Karnataka
21-08-2024,0.15647022,Karnataka
22-08-2024,0.208770872,Karnataka
23-08-2024,0.041292101,Karnataka
24-08-2024,0.20900001,Karnataka
25-08-2024,0.229965402,Karnataka
26-08-2024,0.086000004,Karnataka
27-08-2024,0.254503294,Karnataka
28-08-2024,0.281234359,Karnataka
29-08-2024,0.298740509,Karnataka
30-08-2024,0.565202991,Karnataka
31-08-2024,-9999,Karnataka
01-09-2024,0.230364296,Karnataka
02-09-2024,0.111500005,Karnataka
03-09-2024,0.339988899,Karnataka
04-09-2024,0.42609737,Karnataka
05-09-2024,0.356701324,Karnataka
06-09-2024,0.43144236,Karnataka
07-09-2024,-9999,Karnataka
08-09-2024,-9999,Karnataka
09-09-2024,-9999,Karnataka
10-09-2024,0.21867986,Karnataka
11-09-2024,0.326486708,Karnataka
12-09-2024,0.202712229,Karnataka
13-09-2024,0.329033122,Karnataka
14-09-2024,0.222474628,Karnataka
15-09-2024,0.243864834,Karnataka
16-09-2024,0.318563975,Karnataka
17-09-2024,0.285593227,Karnataka
18-09-2024,0.313471177,Karnataka
19-09-2024,0.201023058,Karnataka
20-09-2024,0.390663316,Karnataka
21-09-2024,0.224835484,Karnataka
22-09-2024,0.573808799,Karnataka
23-09-2024,0.692896718,Karnataka
24-09-2024,0.072000003,Karnataka
25-09-2024,-9999,Karnataka
26-09-2024,-9999,Karnataka
27-09-2024,-9999,Karnataka
28-09-2024,0.19755995,Karnataka
29-09-2024,0.084291708,Karnataka
30-09-2024,0.299410051,Karnataka
01-10-2024,0.208875223,Karnataka
02-10-2024,0.296232726,Karnataka
03-10-2024,0.538756276,Karnataka
04-10-2024,0.503918042,Karnataka
05-10-2024,0.488437153,Karnataka
06-10-2024,0.661333701,Karnataka
07-10-2024,0.848938143,Karnataka
08-10-2024,0.670114303,Karnataka
09-10-2024,-9999,Karnataka
10-10-2024,0.287500014,Karnataka
11-10-2024,0.28313697,Karnataka
12-10-2024,0.335799911,Karnataka
13-10-2024,0.204685086,Karnataka
14-10-2024,-9999,Karnataka
15-10-2024,0.336000016,Karnataka
16-10-2024,-9999,Karnataka
17-10-2024,0.21465267,Karnataka
18-10-2024,0.315536925,Karnataka
19-10-2024,0.152940649,Karnataka
20-10-2024,0.396065602,Karnataka
21-10-2024,0.037487996,Karnataka
22-10-2024,0.259168781,Karnataka
23-10-2024,0.312486927,Karnataka
24-10-2024,0.884866701,Karnataka
25-10-2024,0.705593142,Karnataka
26-10-2024,0.701941582,Karnataka
27-10-2024,0.561947811,Karnataka
28-10-2024,0.745223868,Karnataka
29-10-2024,0.894618627,Karnataka
30-10-2024,0.910572591,Karnataka
31-10-2024,1.35523927,Karnataka
01-11-2024,-9999,Karnataka
02-11-2024,0.714035202,Karnataka
03-11-2024,0.635133431,Karnataka
04-11-2024,0.580393736,Karnataka
05-11-2024,0.733218171,Karnataka
06-11-2024,0.517532023,Karnataka
07-11-2024,0.624958081,Karnataka
08-11-2024,0.470481666,Karnataka
09-11-2024,0.494055014,Karnataka
10-11-2024,0.847399584,Karnataka
11-11-2024,0.683584441,Karnataka
12-11-2024,0.736329932,Karnataka
13-11-2024,0.60640313,Karnataka
14-11-2024,0.559154924,Karnataka
15-11-2024,0.438854799,Karnataka
16-11-2024,0.570278044,Karnataka
17-11-2024,0.815196009,Karnataka
18-11-2024,0.772730687,Karnataka
19-11-2024,0.741000424,Karnataka
20-11-2024,0.762184601,Karnataka
21-11-2024,0.636782856,Karnataka
22-11-2024,0.711568685,Karnataka
23-11-2024,0.809292796,Karnataka
24-11-2024,0.83318338,Karnataka
25-11-2024,1.19602433,Karnataka
26-11-2024,0.602855306,Karnataka
27-11-2024,0.603191427,Karnataka
28-11-2024,0.431296766,Karnataka
29-11-2024,0.335627358,Karnataka
30-11-2024,-9999,Karnataka
01-12-2024,0.724688188,Karnataka
02-12-2024,-9999,Karnataka
03-12-2024,0.487457416,Karnataka
04-12-2024,0.274462731,Karnataka
05-12-2024,0.756606253,Karnataka
06-12-2024,0.377457667,Karnataka
07-12-2024,0.499565059,Karnataka
08-12-2024,0.581404063,Karnataka
09-12-2024,0.689589057,Karnataka
10-12-2024,0.950053639,Karnataka
11-12-2024,0.570331481,Karnataka
12-12-2024,0.475922341,Karnataka
13-12-2024,0.592578503,Karnataka
14-12-2024,0.733666969,Karnataka
15-12-2024,0.688547714,Karnataka
16-12-2024,0.379713301,Karnataka
17-12-2024,0.464007263,Karnataka
18-12-2024,0.323880757,Karnataka
19-12-2024,0.490796984,Karnataka
20-12-2024,0.555616364,Karnataka
21-12-2024,0.966391814,Karnataka
22-12-2024,1.45919054,Karnataka
23-12-2024,0.864925155,Karnataka
24-12-2024,0.87944927,Karnataka
25-12-2024,0.868041767,Karnataka
26-12-2024,0.39235042,Karnataka
27-12-2024,0.318493065,Karnataka
28-12-2024,0.268890214,Karnataka
29-12-2024,0.292421836,Karnataka
30-12-2024,0.25451104,Karnataka
31-12-2024,0.230289591,Karnataka
01-01-2025,0.568358971,Karnataka
02-01-2025,0.416499336,Karnataka
03-01-2025,0.22578814,Karnataka
04-01-2025,0.276595619,Karnataka
05-01-2025,0.345534824,Karnataka
06-01-2025,0.483384912,Karnataka
07-01-2025,0.461750235,Karnataka
08-01-2025,0.74545777,Karnataka
09-01-2025,0.60145188,Karnataka
10-01-2025,0.838848013,Karnataka
11-01-2025,1.18207264,Karnataka
12-01-2025,0.711904925,Karnataka
13-01-2025,0.910744032,Karnataka
14-01-2025,0.738271123,Karnataka
15-01-2025,0.415470561,Karnataka
16-01-2025,0.738877898,Karnataka
17-01-2025,0.696865053,Karnataka
18-01-2025,0.887838411,Karnataka
19-01-2025,0.474210543,Karnataka
20-01-2025,0.362703252,Karnataka
21-01-2025,0.318817741,Karnataka
22-01-2025,0.204636253,Karnataka
23-01-2025,0.424464456,Karnataka
24-01-2025,0.255763299,Karnataka
25-01-2025,0.121808428,Karnataka
26-01-2025,0.162749136,Karnataka
27-01-2025,0.218887731,Karnataka
28-01-2025,0.488607905,Karnataka
29-01-2025,0.351560478,Karnataka
30-01-2025,0.391612847,Karnataka
31-01-2025,0.354931406,Karnataka
01-02-2025,0.322225741,Karnataka
02-02-2025,0.225373995,Karnataka
03-02-2025,0.207006982,Karnataka
04-02-2025,0.125476426,Karnataka
05-02-2025,0.257710269,Karnataka
06-02-2025,0.261099044,Karnataka
07-02-2025,0.460633407,Karnataka
08-02-2025,0.484758379,Karnataka
09-02-2025,0.779816801,Karnataka
10-02-2025,0.717197932,Karnataka
11-02-2025,0.539993969,Karnataka
12-02-2025,0.472173391,Karnataka
13-02-2025,0.301008355,Karnataka
14-02-2025,0.36110577,Karnataka
15-02-2025,0.317588499,Karnataka
16-02-2025,0.248894863,Karnataka
17-02-2025,0.282134626,Karnataka
18-02-2025,0.357411311,Karnataka
19-02-2025,0.444823005,Karnataka
20-02-2025,0.491356346,Karnataka
21-02-2025,0.620032381,Karnataka
22-02-2025,0.527426298,Karnataka
23-02-2025,0.386324781,Karnataka
24-02-2025,0.251920901,Karnataka
25-02-2025,0.293965383,Karnataka
26-02-2025,0.281693003,Karnataka
27-02-2025,0.369523421,Karnataka
28-02-2025,0.457934083,Karnataka
01-03-2025,0.320962618,Karnataka
02-03-2025,0.280254533,Karnataka
03-03-2025,0.308402265,Karnataka
04-03-2025,0.359375068,Karnataka
05-03-2025,0.374890528,Karnataka
06-03-2025,0.163161162,Karnataka
07-03-2025,0.260332204,Karnataka
08-03-2025,0.298173409,Karnataka
09-03-2025,0.351396008,Karnataka
10-03-2025,0.407369561,Karnataka
11-03-2025,0.413741781,Karnataka
12-03-2025,0.199631708,Karnataka
13-03-2025,0.303163007,Karnataka
14-03-2025,0.337464139,Karnataka
15-03-2025,0.424104796,Karnataka
16-03-2025,0.293178009,Karnataka
17-03-2025,0.341741655,Karnataka
18-03-2025,0.357550207,Karnataka
19-03-2025,0.402721649,Karnataka
20-03-2025,0.31132897,Karnataka
21-03-2025,0.459711269,Karnataka
22-03-2025,0.438997762,Karnataka
23-03-2025,0.519716648,Karnataka
24-03-2025,0.472157888,Karnataka
25-03-2025,0.643226915,Karnataka
26-03-2025,0.464788274,Karnataka
27-03-2025,0.654792297,Karnataka
28-03-2025,0.794399388,Karnataka
29-03-2025,0.665246048,Karnataka
30-03-2025,1.13696084,Karnataka
31-03-2025,0.775590639,Karnataka
01-04-2025,0.910493262,Karnataka
02-04-2025,0.745312243,Karnataka
03-04-2025,0.919999989,Karnataka
04-04-2025,0.309636837,Karnataka
05-04-2025,0.381727047,Karnataka
06-04-2025,0.45235156,Karnataka
07-04-2025,0.465051923,Karnataka
08-04-2025,0.446973407,Karnataka
09-04-2025,0.581625051,Karnataka
10-04-2025,0.580698147,Karnataka
11-04-2025,0.571619445,Karnataka
12-04-2025,0.570214603,Karnataka
13-04-2025,0.417398468,Karnataka
14-04-2025,0.464646525,Karnataka
15-04-2025,0.486216719,Karnataka
16-04-2025,0.608187614,Karnataka
17-04-2025,0.589360409,Karnataka
18-04-2025,0.713602158,Karnataka
19-04-2025,0.769380173,Karnataka
20-04-2025,0.702162171,Karnataka
21-04-2025,0.574655355,Karnataka
22-04-2025,0.602082188,Karnataka
23-04-2025,0.500365175,Karnataka
24-04-2025,0.585203317,Karnataka
25-04-2025,0.628315284,Karnataka
26-04-2025,0.642933744,Karnataka
27-04-2025,0.64463625,Karnataka
28-04-2025,0.43940299,Karnataka
29-04-2025,0.536546015,Karnataka
30-04-2025,0.559123446,Karnataka
01-05-2025,0.499679682,Karnataka
02-05-2025,0.465706435,Karnataka
03-05-2025,0.457306575,Karnataka
04-05-2025,0.349325437,Karnataka
05-05-2025,0.311468263,Karnataka
06-05-2025,0.347568551,Karnataka
07-05-2025,0.474874353,Karnataka
08-05-2025,0.316731003,Karnataka
09-05-2025,0.180586687,Karnataka
10-05-2025,0.362842573,Karnataka
11-05-2025,0.356205449,Karnataka
12-05-2025,0.506185135,Karnataka
13-05-2025,0.504111995,Karnataka
14-05-2025,0.340593636,Karnataka
15-05-2025,0.671654773,Karnataka
16-05-2025,0.346154866,Karnataka
17-05-2025,0.553570613,Karnataka
18-05-2025,0.64184182,Karnataka
19-05-2025,1.04406773,Karnataka
20-05-2025,0.960731707,Karnataka
21-05-2025,0.334326371,Karnataka
22-05-2025,0.181000009,Karnataka
23-05-2025,0.22487322,Karnataka
24-05-2025,-9999,Karnataka
25-05-2025,0.494000023,Karnataka
26-05-2025,0.686000033,Karnataka
27-05-2025,0.675000032,Karnataka
28-05-2025,1.00028414,Karnataka
29-05-2025,0.570119385,Karnataka
30-05-2025,0.994584819,Karnataka
31-05-2025,0.43018529,Karnataka
01-06-2025,0.45795116,Karnataka
02-06-2025,0.277335541,Karnataka
03-06-2025,0.29933345,Karnataka
04-06-2025,0.457881801,Karnataka
05-06-2025,0.312389755,Karnataka
06-06-2025,0.446742035,Karnataka
07-06-2025,0.474927851,Karnataka
08-06-2025,0.526756383,Karnataka
09-06-2025,0.481978261,Karnataka
10-06-2025,0.512515909,Karnataka
11-06-2025,-9999,Karnataka
12-06-2025,0.68932764,Karnataka
13-06-2025,-9999,Karnataka
14-06-2025,0.236024565,Karnataka
15-06-2025,-9999,Karnataka
16-06-2025,-9999,Karnataka
17-06-2025,0.503946611,Karnataka
18-06-2025,0.407000019,Karnataka
19-06-2025,0.737585191,Karnataka
20-06-2025,0.287628903,Karnataka
21-06-2025,0.503104939,Karnataka
22-06-2025,0.473005085,Karnataka
23-06-2025,-9999,Karnataka
24-06-2025,0.446549223,Karnataka
25-06-2025,-9999,Karnataka
26-06-2025,-9999,Karnataka
27-06-2025,0.715908687,Karnataka
28-06-2025,-9999,Karnataka
29-06-2025,0.627936464,Karnataka
30-06-2025,-9999,Karnataka
